Model,Accuracy,ROC_AUC
RandomForest,0.9101653119006301,0.751661395680824
LogisticRegression,0.9095259841081378,0.7758712580323293
DNN,0.9067951440811157,N/A
